/* =========================================================
   1) PESSOA  – 25 registros
   ========================================================= */
INSERT INTO Pessoa (CPF, Primeiro_Nome, Sobrenome, Data_nasc, Rua, Numero, CEP, Complemento, Bairro, Cidade)
VALUES
('11111111111','Ana','Silva','1990-01-10','Rua A','100','01001000',NULL,'Centro','São Paulo'),
('22222222222','Bruno','Souza','1988-05-21','Rua B','200','01002000','Ap 12','Bela Vista','São Paulo'),
('33333333333','Carla','Oliveira','1992-07-15','Rua C','300','01003000',NULL,'Sé','São Paulo'),
('44444444444','Diego','Ferreira','1985-11-09','Rua D','400','01004000','Casa 2','Liberdade','São Paulo'),
('55555555555','Eduarda','Almeida','1995-03-18','Rua E','500','01005000',NULL,'Jardins','São Paulo'),
('66666666666','Fabio','Santos','1987-08-01','Rua F','600','01006000','Ap 34','Moema','São Paulo'),
('77777777777','Gabriela','Lima','1993-02-27','Rua G','700','01007000',NULL,'Pinheiros','São Paulo'),
('88888888888','Henrique','Barros','1991-09-30','Rua H','800','01008000','Casa 1','Vila Mariana','São Paulo'),
('99999999999','Isabela','Costa','1994-12-12','Rua I','900','01009000',NULL,'Tatuapé','São Paulo'),
('10101010101','Joao','Pereira','1989-04-05','Rua J','1000','01010000',NULL,'Itaim','São Paulo'),
('11122233344','Lucas','Moraes','1990-02-11','Rua K','110','02001000',NULL,'Santana','São Paulo'),
('22233344455','Mariana','Ribeiro','1991-03-12','Rua L','120','02002000',NULL,'Santana','São Paulo'),
('33344455566','Rafael','Carvalho','1986-04-13','Rua M','130','02003000',NULL,'Casa Verde','São Paulo'),
('44455566677','Patricia','Gomes','1992-05-14','Rua N','140','02004000',NULL,'Casa Verde','São Paulo'),
('55566677788','Fernando','Dias','1987-06-15','Rua O','150','02005000',NULL,'Lapa','São Paulo'),
('66677788899','Bianca','Teixeira','1993-07-16','Rua P','160','02006000',NULL,'Lapa','São Paulo'),
('77788899900','Ricardo','Rocha','1988-08-17','Rua Q','170','02007000',NULL,'Ipiranga','São Paulo'),
('88899900011','Larissa','Araújo','1994-09-18','Rua R','180','02008000',NULL,'Ipiranga','São Paulo'),
('99900011122','Thiago','Nunes','1990-10-19','Rua S','190','02009000',NULL,'Butantã','São Paulo'),
('00011122233','Aline','Farias','1991-11-20','Rua T','200','02010000',NULL,'Butantã','São Paulo'),
('12312312312','Gustavo','Melo','1989-12-21','Rua U','210','03001000',NULL,'Saúde','São Paulo'),
('23423423423','Natalia','Pinto','1992-01-22','Rua V','220','03002000',NULL,'Saúde','São Paulo'),
('34534534534','Paulo','Lopes','1987-02-23','Rua W','230','03003000',NULL,'Tucuruvi','São Paulo'),
('45645645645','Juliana','Martins','1993-03-24','Rua X','240','03004000',NULL,'Tucuruvi','São Paulo'),
('56756756756','Marcelo','Batista','1988-04-25','Rua Y','250','03005000',NULL,'Campo Belo','São Paulo');

/* =========================================================
   2) TELEFONE_PESSOA  – 25 registros (1 por pessoa)
   ========================================================= */
INSERT INTO Telefone_Pessoa (CPF, Telefone)
VALUES
('11111111111','11900000001'),
('22222222222','11900000002'),
('33333333333','11900000003'),
('44444444444','11900000004'),
('55555555555','11900000005'),
('66666666666','11900000006'),
('77777777777','11900000007'),
('88888888888','11900000008'),
('99999999999','11900000009'),
('10101010101','11900000010'),
('11122233344','11900000011'),
('22233344455','11900000012'),
('33344455566','11900000013'),
('44455566677','11900000014'),
('55566677788','11900000015'),
('66677788899','11900000016'),
('77788899900','11900000017'),
('88899900011','11900000018'),
('99900011122','11900000019'),
('00011122233','11900000020'),
('12312312312','11900000021'),
('23423423423','11900000022'),
('34534534534','11900000023'),
('45645645645','11900000024'),
('56756756756','11900000025');

/* =========================================================
   3) FUNCIONARIO – 25 registros (todos as 25 pessoas)
   ========================================================= */
INSERT INTO Funcionario (CPF, Matricula, Salario, Data_admissao)
VALUES
('11111111111','F001',8000.00,'2020-01-10'),
('22222222222','F002',7800.00,'2019-02-15'),
('33333333333','F003',7600.00,'2018-03-20'),
('44444444444','F004',9000.00,'2017-04-25'),
('55555555555','F005',6500.00,'2021-05-30'),
('66666666666','F006',6200.00,'2022-06-05'),
('77777777777','F007',6100.00,'2020-07-10'),
('88888888888','F008',6300.00,'2020-08-15'),
('99999999999','F009',6400.00,'2019-09-20'),
('10101010101','F010',6700.00,'2018-10-25'),
('11122233344','F011',7000.00,'2019-11-30'),
('22233344455','F012',7100.00,'2020-01-05'),
('33344455566','F013',7200.00,'2020-02-10'),
('44455566677','F014',7300.00,'2020-03-15'),
('55566677788','F015',7400.00,'2020-04-20'),
('66677788899','F016',7500.00,'2021-05-25'),
('77788899900','F017',7600.00,'2021-06-30'),
('88899900011','F018',7700.00,'2021-07-05'),
('99900011122','F019',7800.00,'2021-08-10'),
('00011122233','F020',7900.00,'2021-09-15'),
('12312312312','F021',8000.00,'2021-10-20'),
('23423423423','F022',8100.00,'2021-11-25'),
('34534534534','F023',8200.00,'2022-01-01'),
('45645645645','F024',8300.00,'2022-02-01'),
('56756756756','F025',8400.00,'2022-03-01');

/* =========================================================
   4) GERENTE – 25 registros (todos os funcionários)
   ========================================================= */
INSERT INTO Gerente (CPF)
VALUES
('11111111111'),
('22222222222'),
('33333333333'),
('44444444444'),
('55555555555'),
('66666666666'),
('77777777777'),
('88888888888'),
('99999999999'),
('10101010101'),
('11122233344'),
('22233344455'),
('33344455566'),
('44455566677'),
('55566677788'),
('66677788899'),
('77788899900'),
('88899900011'),
('99900011122'),
('00011122233'),
('12312312312'),
('23423423423'),
('34534534534'),
('45645645645'),
('56756756756');

/* =========================================================
   5) ASSESSOR – 25 registros (todos funcionarios, gerente cíclico)
   ========================================================= */
INSERT INTO Assessor (CPF, CPF_Gerente, Codigo_certificacao)
VALUES
('11111111111','44444444444','CEA-001'),
('22222222222','44444444444','CEA-002'),
('33333333333','55555555555','CEA-003'),
('44444444444','55555555555','CEA-004'),
('55555555555','11111111111','CEA-005'),
('66666666666','11111111111','CEA-006'),
('77777777777','22222222222','CEA-007'),
('88888888888','22222222222','CEA-008'),
('99999999999','33333333333','CEA-009'),
('10101010101','33333333333','CEA-010'),
('11122233344','44444444444','CEA-011'),
('22233344455','44444444444','CEA-012'),
('33344455566','55555555555','CEA-013'),
('44455566677','55555555555','CEA-014'),
('55566677788','11111111111','CEA-015'),
('66677788899','11111111111','CEA-016'),
('77788899900','22222222222','CEA-017'),
('88899900011','22222222222','CEA-018'),
('99900011122','33333333333','CEA-019'),
('00011122233','33333333333','CEA-020'),
('12312312312','44444444444','CEA-021'),
('23423423423','44444444444','CEA-022'),
('34534534534','55555555555','CEA-023'),
('45645645645','55555555555','CEA-024'),
('56756756756','11111111111','CEA-025');

/* =========================================================
   6) CLIENTE – 25 registros (todos CPFs)
   ========================================================= */
INSERT INTO Cliente (CPF, CPF_Assessor, Perfil_investidor, Data_cadastro)
VALUES
('11111111111','22222222222','Conservador','2023-01-01'),
('22222222222','33333333333','Moderado','2023-01-05'),
('33333333333','44444444444','Agressivo','2023-01-10'),
('44444444444','55555555555','Moderado','2023-01-15'),
('55555555555','66666666666','Conservador','2023-01-20'),
('66666666666','77777777777','Agressivo','2023-01-25'),
('77777777777','88888888888','Moderado','2023-02-01'),
('88888888888','99999999999','Conservador','2023-02-05'),
('99999999999','10101010101','Agressivo','2023-02-10'),
('10101010101','11122233344','Moderado','2023-02-15'),
('11122233344','22233344455','Conservador','2023-02-20'),
('22233344455','33344455566','Agressivo','2023-02-25'),
('33344455566','44455566677','Moderado','2023-03-01'),
('44455566677','55566677788','Conservador','2023-03-05'),
('55566677788','66677788899','Agressivo','2023-03-10'),
('66677788899','77788899900','Moderado','2023-03-15'),
('77788899900','88899900011','Conservador','2023-03-20'),
('88899900011','99900011122','Agressivo','2023-03-25'),
('99900011122','00011122233','Moderado','2023-03-30'),
('00011122233','12312312312','Conservador','2023-04-04'),
('12312312312','23423423423','Agressivo','2023-04-08'),
('23423423423','34534534534','Moderado','2023-04-12'),
('34534534534','45645645645','Conservador','2023-04-16'),
('45645645645','56756756756','Agressivo','2023-04-20'),
('56756756756','11111111111','Moderado','2023-04-24');

/* =========================================================
   7) CONTA – 25 contas (1 por cliente)
   ========================================================= */
INSERT INTO Conta (ID_conta, Saldo_disponivel, Data_abertura, CPF_cliente)
VALUES
(1,  15000.00,'2023-01-02','11111111111'),
(2,  16000.00,'2023-01-06','22222222222'),
(3,  17000.00,'2023-01-11','33333333333'),
(4,  18000.00,'2023-01-16','44444444444'),
(5,  19000.00,'2023-01-21','55555555555'),
(6,  20000.00,'2023-01-26','66666666666'),
(7,  21000.00,'2023-02-02','77777777777'),
(8,  22000.00,'2023-02-06','88888888888'),
(9,  23000.00,'2023-02-11','99999999999'),
(10, 24000.00,'2023-02-16','10101010101'),
(11, 25000.00,'2023-02-21','11122233344'),
(12, 26000.00,'2023-02-26','22233344455'),
(13, 27000.00,'2023-03-02','33344455566'),
(14, 28000.00,'2023-03-06','44455566677'),
(15, 29000.00,'2023-03-11','55566677788'),
(16, 30000.00,'2023-03-16','66677788899'),
(17, 31000.00,'2023-03-21','77788899900'),
(18, 32000.00,'2023-03-26','88899900011'),
(19, 33000.00,'2023-03-31','99900011122'),
(20, 34000.00,'2023-04-05','00011122233'),
(21, 35000.00,'2023-04-09','12312312312'),
(22, 36000.00,'2023-04-13','23423423423'),
(23, 37000.00,'2023-04-17','34534534534'),
(24, 38000.00,'2023-04-21','45645645645'),
(25, 39000.00,'2023-04-25','56756756756');

/* =========================================================
   8) ATIVO – 25 ativos (10 ações, 8 FIIs, 7 debêntures)
   ========================================================= */
INSERT INTO Ativo (Ticker, Nome, Preco_atual, Setor, Rent_diaria_fixa)
VALUES
('ACAO01','Acao Empresa 01',20.50,'Industria',NULL),
('ACAO02','Acao Empresa 02',22.30,'Servicos',NULL),
('ACAO03','Acao Empresa 03',18.90,'Tecnologia',NULL),
('ACAO04','Acao Empresa 04',35.10,'Financeiro',NULL),
('ACAO05','Acao Empresa 05',42.70,'Energia',NULL),
('ACAO06','Acao Empresa 06',15.80,'Consumo',NULL),
('ACAO07','Acao Empresa 07',27.40,'Siderurgia',NULL),
('ACAO08','Acao Empresa 08',33.20,'Varejo',NULL),
('ACAO09','Acao Empresa 09',19.60,'Agronegócio',NULL),
('ACAO10','Acao Empresa 10',28.75,'Saúde',NULL),
('ACAO11','Acao Empresa 11',21.10,'Industria',NULL),
('ACAO12','Acao Empresa 12',23.40,'Servicos',NULL),
('ACAO13','Acao Empresa 13',17.90,'Tecnologia',NULL),
('ACAO14','Acao Empresa 14',36.20,'Financeiro',NULL),
('ACAO15','Acao Empresa 15',41.30,'Energia',NULL),
('ACAO16','Acao Empresa 16',16.80,'Consumo',NULL),
('ACAO17','Acao Empresa 17',26.40,'Siderurgia',NULL),
('ACAO18','Acao Empresa 18',34.10,'Varejo',NULL),
('ACAO19','Acao Empresa 19',20.60,'Agronegócio',NULL),
('ACAO20','Acao Empresa 20',29.70,'Saúde',NULL),
('ACAO21','Acao Empresa 21',24.50,'Industria',NULL),
('ACAO22','Acao Empresa 22',22.80,'Servicos',NULL),
('ACAO23','Acao Empresa 23',19.30,'Tecnologia',NULL),
('ACAO24','Acao Empresa 24',31.90,'Financeiro',NULL),
('ACAO25','Acao Empresa 25',27.60,'Consumo',NULL),
('FII01','Fundo Imobiliario 01',100.50,'FII Logistica',0.0005),
('FII02','Fundo Imobiliario 02',110.60,'FII Shoppings',0.0006),
('FII03','Fundo Imobiliario 03',95.70,'FII Lajes',0.0004),
('FII04','Fundo Imobiliario 04',120.80,'FII Hibrido',0.0005),
('FII05','Fundo Imobiliario 05',90.90,'FII Papel',0.0007),
('FII06','Fundo Imobiliario 06',105.30,'FII CRI',0.0006),
('FII07','Fundo Imobiliario 07',98.40,'FII Renda',0.0005),
('FII08','Fundo Imobiliario 08',130.20,'FII Logistica',0.0005),
('FII09','Fundo Imobiliario 09',102.30,'FII Logistica',0.0005),
('FII10','Fundo Imobiliario 10',115.40,'FII Shoppings',0.0006),
('FII11','Fundo Imobiliario 11', 97.20,'FII Lajes',0.0004),
('FII12','Fundo Imobiliario 12',121.10,'FII Hibrido',0.0005),
('FII13','Fundo Imobiliario 13', 92.80,'FII Papel',0.0007),
('FII14','Fundo Imobiliario 14',107.60,'FII CRI',0.0006),
('FII15','Fundo Imobiliario 15', 99.40,'FII Renda',0.0005),
('FII16','Fundo Imobiliario 16',132.70,'FII Logistica',0.0005),
('FII17','Fundo Imobiliario 17',104.90,'FII Logistica',0.0005),
('FII18','Fundo Imobiliario 18',118.30,'FII Shoppings',0.0006),
('FII19','Fundo Imobiliario 19', 96.10,'FII Lajes',0.0004),
('FII20','Fundo Imobiliario 20',122.50,'FII Hibrido',0.0005),
('FII21','Fundo Imobiliario 21', 93.70,'FII Papel',0.0007),
('FII22','Fundo Imobiliario 22',106.20,'FII CRI',0.0006),
('FII23','Fundo Imobiliario 23',101.40,'FII Renda',0.0005),
('FII24','Fundo Imobiliario 24',135.80,'FII Logistica',0.0005),
('FII25','Fundo Imobiliario 25',109.90,'FII Hibrido',0.0005),
('DEB01','Debenture 01',1000.00,'Debenture',NULL),
('DEB02','Debenture 02',1000.00,'Debenture',NULL),
('DEB03','Debenture 03',1000.00,'Debenture',NULL),
('DEB04','Debenture 04',1000.00,'Debenture',NULL),
('DEB05','Debenture 05',1000.00,'Debenture',NULL),
('DEB06','Debenture 06',1000.00,'Debenture',NULL),
('DEB07','Debenture 07',1000.00,'Debenture',NULL),
('DEB08','Debenture 08',1000.00,'Debenture',NULL),
('DEB09','Debenture 09',1000.00,'Debenture',NULL),
('DEB10','Debenture 10',1000.00,'Debenture',NULL),
('DEB11','Debenture 11',1000.00,'Debenture',NULL),
('DEB12','Debenture 12',1000.00,'Debenture',NULL),
('DEB13','Debenture 13',1000.00,'Debenture',NULL),
('DEB14','Debenture 14',1000.00,'Debenture',NULL),
('DEB15','Debenture 15',1000.00,'Debenture',NULL),
('DEB16','Debenture 16',1000.00,'Debenture',NULL),
('DEB17','Debenture 17',1000.00,'Debenture',NULL),
('DEB18','Debenture 18',1000.00,'Debenture',NULL),
('DEB19','Debenture 19',1000.00,'Debenture',NULL),
('DEB20','Debenture 20',1000.00,'Debenture',NULL),
('DEB21','Debenture 21',1000.00,'Debenture',NULL),
('DEB22','Debenture 22',1000.00,'Debenture',NULL),
('DEB23','Debenture 23',1000.00,'Debenture',NULL),
('DEB24','Debenture 24',1000.00,'Debenture',NULL),
('DEB25','Debenture 25',1000.00,'Debenture',NULL);

/* =========================================================
   9) ACAO – 25 registros
   ========================================================= */
INSERT INTO Acao (Ticker, Tipo_acao, CNPJ_emp)
VALUES
('ACAO01','ON','00000000000101'),
('ACAO02','PN','00000000000102'),
('ACAO03','ON','00000000000103'),
('ACAO04','PN','00000000000104'),
('ACAO05','ON','00000000000105'),
('ACAO06','PN','00000000000106'),
('ACAO07','ON','00000000000107'),
('ACAO08','PN','00000000000108'),
('ACAO09','ON','00000000000109'),
('ACAO10','PN','00000000000110'),
('ACAO11','ON','00000000000111'),
('ACAO12','PN','00000000000112'),
('ACAO13','ON','00000000000113'),
('ACAO14','PN','00000000000114'),
('ACAO15','ON','00000000000115'),
('ACAO16','PN','00000000000116'),
('ACAO17','ON','00000000000117'),
('ACAO18','PN','00000000000118'),
('ACAO19','ON','00000000000119'),
('ACAO20','PN','00000000000120'),
('ACAO21','ON','00000000000121'),
('ACAO22','PN','00000000000122'),
('ACAO23','ON','00000000000123'),
('ACAO24','PN','00000000000124'),
('ACAO25','ON','00000000000125');

/* =========================================================
   10) FUNDO_IMOBILIARIO – 25 registros
   ========================================================= */
INSERT INTO Fundo_Imobiliario (Ticker, Seg_FII, Gestor_fundo)
VALUES
('FII01','Logistica','Gestora 1'),
('FII02','Shoppings','Gestora 2'),
('FII03','Lajes','Gestora 3'),
('FII04','Hibrido','Gestora 4'),
('FII05','Papel','Gestora 5'),
('FII06','CRI','Gestora 6'),
('FII07','Renda','Gestora 7'),
('FII08','Logistica','Gestora 8'),
('FII09','Logistica','Gestora 9'),
('FII10','Shoppings','Gestora 10'),
('FII11','Lajes','Gestora 11'),
('FII12','Hibrido','Gestora 12'),
('FII13','Papel','Gestora 13'),
('FII14','CRI','Gestora 14'),
('FII15','Renda','Gestora 15'),
('FII16','Logistica','Gestora 16'),
('FII17','Logistica','Gestora 17'),
('FII18','Shoppings','Gestora 18'),
('FII19','Lajes','Gestora 19'),
('FII20','Hibrido','Gestora 20'),
('FII21','Papel','Gestora 21'),
('FII22','CRI','Gestora 22'),
('FII23','Renda','Gestora 23'),
('FII24','Logistica','Gestora 24'),
('FII25','Hibrido','Gestora 25');

/* =========================================================
   11) DEBENTURE – 25 registros
   ========================================================= */
INSERT INTO Debenture (Ticker, Data_vencimento, Tax_juros_anual)
VALUES
('DEB01','2030-12-31',10.50),
('DEB02','2029-06-30', 9.80),
('DEB03','2032-03-15',11.20),
('DEB04','2028-09-10', 9.25),
('DEB05','2031-01-20',10.00),
('DEB06','2033-05-05',11.75),
('DEB07','2027-11-11', 8.90),
('DEB08','2028-01-10', 9.10),
('DEB09','2028-03-20', 9.30),
('DEB10','2028-05-15', 9.50),
('DEB11','2029-02-10', 9.70),
('DEB12','2029-04-25', 9.90),
('DEB13','2029-06-30',10.10),
('DEB14','2030-01-05',10.30),
('DEB15','2030-03-18',10.50),
('DEB16','2030-07-22',10.70),
('DEB17','2031-02-14',10.90),
('DEB18','2031-05-01',11.10),
('DEB19','2031-09-09',11.30),
('DEB20','2032-01-30',11.50),
('DEB21','2032-04-12',11.70),
('DEB22','2032-08-08',11.90),
('DEB23','2033-02-02',12.10),
('DEB24','2033-06-16',12.30),
('DEB25','2033-11-20',12.50);

/* =========================================================
   12) TRANSACAO_FINANCEIRA – 25 registros
   ========================================================= */
INSERT INTO Transacao_Financeira (ID_transacao, Data_hora, Valor, Tipo_transacao, ID_conta)
VALUES
(1 ,'2023-05-01 10:00:00', 5000.00,'deposito',1),
(2 ,'2023-05-02 11:00:00',-1000.00,'retirada',1),
(3 ,'2023-05-03 12:00:00', 6000.00,'deposito',2),
(4 ,'2023-05-04 13:00:00',-1500.00,'retirada',2),
(5 ,'2023-05-05 14:00:00', 2000.00,'deposito',3),
(6 ,'2023-05-06 15:00:00',- 500.00,'retirada',3),
(7 ,'2023-05-07 16:00:00', 3000.00,'deposito',4),
(8 ,'2023-05-08 17:00:00',- 800.00,'retirada',4),
(9 ,'2023-05-09 18:00:00', 4000.00,'deposito',5),
(10,'2023-05-10 10:30:00',  200.00,'dividendo',5),
(11,'2023-05-11 11:30:00', 3500.00,'deposito',6),
(12,'2023-05-12 12:30:00',- 700.00,'retirada',6),
(13,'2023-05-13 13:30:00', 2500.00,'deposito',7),
(14,'2023-05-14 14:30:00',- 600.00,'retirada',7),
(15,'2023-05-15 15:30:00', 4500.00,'deposito',8),
(16,'2023-05-16 16:30:00',- 900.00,'retirada',8),
(17,'2023-05-17 17:30:00', 5000.00,'deposito',9),
(18,'2023-05-18 18:30:00',  150.00,'dividendo',9),
(19,'2023-05-19 10:15:00', 5500.00,'deposito',10),
(20,'2023-05-20 11:15:00',-1200.00,'retirada',10),
(21,'2023-05-21 12:15:00', 6000.00,'deposito',11),
(22,'2023-05-22 13:15:00',-1300.00,'retirada',12),
(23,'2023-05-23 14:15:00',  180.00,'dividendo',13),
(24,'2023-05-24 15:15:00', 6500.00,'deposito',14),
(25,'2023-05-25 16:15:00',-1400.00,'retirada',15);

/* =========================================================
   13) ORDEM – 25 registros
   ========================================================= */
INSERT INTO Ordem (ID_ordem, Ticker, Tipo_op, Preco_exec, Status, Quantidade, Tipo_ordem, Data_hora, ID_conta)
VALUES
(1 ,'ACAO01','compra',20.00,'executada',100,'a mercado','2023-05-01 10:05:00',1),
(2 ,'ACAO02','compra',22.00,'executada', 50,'a mercado','2023-05-01 10:10:00',1),
(3 ,'ACAO03','venda', 19.00,'executada', 30,'limitada','2023-05-02 11:05:00',2),
(4 ,'ACAO04','compra',35.00,'executada', 40,'a mercado','2023-05-03 12:05:00',3),
(5 ,'ACAO05','compra',42.50,'executada', 60,'a mercado','2023-05-04 13:05:00',4),
(6 ,'ACAO06','venda', 15.50,'executada', 70,'limitada','2023-05-05 14:05:00',5),
(7 ,'ACAO07','compra',27.00,'executada', 80,'a mercado','2023-05-06 15:05:00',6),
(8 ,'ACAO08','compra',33.00,'executada', 90,'a mercado','2023-05-07 16:05:00',7),
(9 ,'ACAO09','venda', 19.20,'executada', 55,'limitada','2023-05-08 17:05:00',8),
(10,'ACAO10','compra',28.50,'executada', 65,'a mercado','2023-05-09 18:05:00',9),
(11,'FII01','compra',100.00,'executada',10,'a mercado','2023-05-10 10:05:00',10),
(12,'FII02','compra',110.00,'executada',12,'a mercado','2023-05-11 11:05:00',11),
(13,'FII03','compra', 95.50,'executada',15,'a mercado','2023-05-12 12:05:00',12),
(14,'FII04','venda', 120.00,'executada', 8,'limitada','2023-05-13 13:05:00',13),
(15,'FII05','compra', 90.50,'executada',20,'a mercado','2023-05-14 14:05:00',14),
(16,'FII06','compra',105.00,'executada',25,'a mercado','2023-05-15 15:05:00',15),
(17,'FII07','venda', 98.00,'executada',18,'limitada','2023-05-16 16:05:00',16),
(18,'FII08','compra',130.00,'executada', 7,'a mercado','2023-05-17 17:05:00',17),
(19,'DEB01','compra',1000.00,'executada',5,'a mercado','2023-05-18 18:05:00',18),
(20,'DEB02','compra',1000.00,'executada',7,'a mercado','2023-05-19 10:05:00',19),
(21,'DEB03','compra',1000.00,'executada',9,'a mercado','2023-05-20 11:05:00',20),
(22,'DEB04','venda', 1000.00,'executada',4,'limitada','2023-05-21 12:05:00',21),
(23,'DEB05','compra',1000.00,'executada',6,'a mercado','2023-05-22 13:05:00',22),
(24,'DEB06','compra',1000.00,'executada',8,'a mercado','2023-05-23 14:05:00',23),
(25,'DEB07','compra',1000.00,'executada',3,'a mercado','2023-05-24 15:05:00',24);

/* =========================================================
   14) POSICAO_CARTEIRA – 25 pares (conta,ticker)
   ========================================================= */
INSERT INTO Posicao_Carteira (ID_conta, Ticker, Quantidade, Preco_med_aquis)
VALUES
(1 ,'ACAO01',100,19.80),
(2 ,'ACAO02', 50,21.90),
(3 ,'ACAO03', 30,18.50),
(4 ,'ACAO04', 40,34.70),
(5 ,'ACAO05', 60,42.10),
(6 ,'ACAO06', 70,15.40),
(7 ,'ACAO07', 80,26.90),
(8 ,'ACAO08', 90,32.80),
(9 ,'ACAO09', 55,19.10),
(10,'ACAO10', 65,28.20),
(11,'FII01', 10, 99.80),
(12,'FII02', 12,109.50),
(13,'FII03', 15, 95.10),
(14,'FII04',  8,119.80),
(15,'FII05', 20, 90.10),
(16,'FII06', 25,104.80),
(17,'FII07', 18, 97.90),
(18,'FII08',  7,129.50),
(19,'DEB01',  5,1000.00),
(20,'DEB02',  7,1000.00),
(21,'DEB03',  9,1000.00),
(22,'DEB04',  4,1000.00),
(23,'DEB05',  6,1000.00),
(24,'DEB06',  8,1000.00),
(25,'DEB07',  3,1000.00);

/* =========================================================
   15) REL_ORDEM_TRANSACAO – 25 pares (1–1, 2–2, ...)
   ========================================================= */
INSERT INTO Rel_Ordem_Transacao (ID_ordem, ID_transacao)
VALUES
(1 ,1 ),
(2 ,2 ),
(3 ,3 ),
(4 ,4 ),
(5 ,5 ),
(6 ,6 ),
(7 ,7 ),
(8 ,8 ),
(9 ,9 ),
(10,10),
(11,11),
(12,12),
(13,13),
(14,14),
(15,15),
(16,16),
(17,17),
(18,18),
(19,19),
(20,20),
(21,21),
(22,22),
(23,23),
(24,24),
(25,25);
